feature_1,feature_2,feature_3,target
0.4967141530112327,-0.13826430117118466,0.6476885381006925,3.6917886068742454
1.5230298564080254,-0.23415337472333597,-0.23413695694918055,2.9459783325684974
1.5792128155073915,0.7674347291529088,-0.4694743859349521,1.800918974745531
0.5425600435859647,-0.46341769281246226,-0.46572975357025687,1.701080403673902
0.24196227156603412,-1.913280244657798,-1.7249178325130328,-2.465468505946312
-0.5622875292409727,-1.0128311203344238,0.3142473325952739,0.5962908431739624
-0.9080240755212109,-1.4123037013352915,1.465648768921554,2.1793336783170076
-0.22577630048653566,0.06752820468792384,-1.4247481862134568,-4.159959948517413
-0.5443827245251827,0.11092258970986608,-1.1509935774223028,-4.279375952148656
0.37569801834567196,-0.600638689918805,-0.2916937497932768,2.8280572097086147
-0.6017066122293969,1.8522781845089378,-0.013497224737933921,-3.7048146242492326
-1.0577109289559004,0.822544912103189,-1.2208436499710222,-6.910202856742068
0.2088635950047554,-1.9596701238797756,-1.3281860488984305,-1.253345351592872
0.19686123586912352,0.7384665799954104,0.1713682811899705,1.8452446330107841
-0.11564828238824053,-0.3011036955892888,-1.4785219903674274,-4.518878513870547
-0.7198442083947086,-0.4606387709597875,1.0571222262189157,2.111416454400102
0.3436182895684614,-1.763040155362734,0.324083969394795,4.202234297184812
-0.38508228041631654,-0.6769220003059587,0.6116762888408679,1.735854288944129
1.030999522495951,0.9312801191161986,-0.8392175232226385,-1.317867497094765
-0.3092123758512146,0.33126343140356396,0.9755451271223592,2.0164310032337847
-0.47917423784528995,-0.18565897666381712,-1.1063349740060282,-3.2576497901077195
-1.1962066240806708,0.812525822394198,1.356240028570823,-0.7608375962944662
-0.07201012158033385,1.0035328978920242,0.36163602504763415,0.034319547446919785
-0.6451197546051243,0.36139560550841393,1.5380365664659692,1.9397938924375095
-0.03582603910995154,1.5646436558140062,-2.6197451040897444,-8.318397436933276
0.8219025043752238,0.08704706823817122,-0.29900735046586746,-0.4524997634814889
0.0917607765355023,-1.9875689146008928,-0.21967188783751193,0.9990333451555243
0.3571125715117464,1.477894044741516,-0.5182702182736474,-1.7627113957185716
-0.8084936028931876,-0.5017570435845365,0.9154021177020741,2.7922534186921304
0.32875110965968446,-0.5297602037670388,0.5132674331133561,2.8256900161833305
0.09707754934804039,0.9686449905328892,-0.7020530938773524,-3.3873099254880437
-0.3276621465977682,-0.39210815313215763,-1.4635149481321186,-2.9364349883180285
0.29612027706457605,0.26105527217988933,0.00511345664246089,-0.9534281100073105
-0.23458713337514692,-1.4153707420504142,-0.42064532276535904,-2.631839016303612
-0.3427145165267695,-0.8022772692216189,-0.16128571166600914,-0.09835170703999985
0.4040508568145384,1.8861859012105302,0.17457781283183896,-0.8543795450312786
0.25755039072276437,-0.07444591576616721,-1.9187712152990415,-6.059224570454759
-0.026513875449216878,0.06023020994102644,2.463242112485286,7.971567886191143
-0.19236096478112252,0.30154734233361247,-0.03471176970524331,-0.6427843496309499
-1.168678037619532,1.1428228145150205,0.7519330326867741,-2.372797441240257
0.7910319470430469,-0.9093874547947389,1.4027943109360992,5.81504585653976
-1.4018510627922809,0.5868570938002703,2.1904556258099785,3.3523394549291083
-0.9905363251306883,-0.5662977296027719,0.09965136508764122,-0.9608878100023646
-0.5034756541161992,-1.5506634310661327,0.06856297480602733,0.39848735641433364
-1.0623037137261049,0.4735924306351816,-0.9194242342338032,-4.0409874216041874
1.5499344050175394,-0.7832532923362371,-0.3220615162056756,2.621819989936907
0.8135172173696698,-1.2308643164339552,0.22745993460412942,2.421511992745779
1.307142754282428,-1.6074832345612275,0.1846338585323042,4.7373336259829655
0.25988279424842353,0.7818228717773104,-1.236950710878082,-3.8885540351459955
-1.3204566130842763,0.5219415656168976,0.29698467323318606,-2.688789629305339
0.25049285034587654,0.3464482094969757,-0.6800247215784908,-2.0015263062240867
0.23225369716100355,0.29307247329868125,-0.7143514180263678,-1.503437087960979
1.8657745111447566,0.4738329209117875,-1.1913034972026486,-0.6348465588482866
0.6565536086338297,-0.9746816702273214,0.787084603742452,6.421084107112511
1.158595579007404,-0.8206823183517105,0.9633761292443218,6.525148475210618
0.4127809269364983,0.82206015999449,1.8967929826539474,7.017566936896726
-0.2453881160028705,-0.7537361643574896,-0.8895144296255233,-2.185552068148553
-0.8158102849654383,-0.0771017094141042,0.3411519748166439,-0.4822148593957761
0.27669079933001905,0.8271832490360238,0.01300189187790702,0.4733167051549487
1.4535340771573169,-0.2646568332379561,2.720169166589619,12.506708085917419
0.6256673477650062,-0.8571575564162826,-1.0708924980611123,-0.14862880848699522
0.4824724152431853,-0.2234627853258509,0.714000494092092,4.900797835842521
0.47323762457354485,-0.07282891265687277,-0.846793718068405,-1.0879370104130097
-1.5148472246858646,-0.4465149520670211,0.8563987943234723,-0.06240296908871101
0.21409374413020396,-1.245738778711988,0.173180925851182,2.210780222303817
0.3853173797288368,-0.883857436201133,0.1537251059455279,3.7484434188092814
0.058208718445999896,-1.142970297830623,0.3577873603482833,1.6854618729312032
0.5607845263682344,1.083051243175277,1.053802052034903,5.281256661760834
-1.377669367957091,-0.9378250399151228,0.5150352672086598,-1.001400528995969
0.5137859509122088,0.5150476863060479,3.852731490654721,10.89683656082059
0.570890510693167,1.135565640180599,0.9540017634932023,3.2817703419427153
0.651391251305798,-0.3152692446403456,0.7589692204932674,3.5396033769097617
-0.7728252145375718,-0.23681860674000887,-0.48536354782910346,-2.3106915241025074
0.08187413938632256,2.3146585666735087,-1.867265192591748,-8.364392775285337
0.6862601903745135,-1.6127158711896517,-0.47193186578943347,1.4663873165428551
1.088950596967366,0.06428001909546277,-1.0777447779293061,-2.464678591410497
-0.7153037092599682,0.6795977489346758,-0.7303666317171367,-5.111263236485083
0.21645858958197486,0.045571839903813784,-0.6516003476058171,-3.8831057353952847
2.1439440893253257,0.6339190223180112,-2.025142586657607,-2.9333893824632424
0.18645431476942764,-0.661786464768388,0.852433334796224,4.445636912224926
-0.7925207384327007,-0.11473644146689901,0.5049872789804571,0.43419659097735097
0.8657551941701215,-1.2002964070557762,-0.3345012358409484,2.7866382467432
-0.4749453111609562,-0.6533292325737119,1.7654542402810969,3.795352532385399
0.40498171096095553,-1.2608839543350452,0.9178619470547761,4.979212716759783
2.1221561970126332,1.0324652605511468,-1.5193699659540134,-0.28878720497217325
-0.48423407286625136,1.2669111491866227,-0.7076694656187807,-5.758869417401136
0.44381942814622843,0.7746340534293368,-0.926930471578083,-0.9424785960308641
-0.05952535606180008,-3.2412673400690726,-1.0243876413342898,0.8966533164873739
-0.2525681513931603,-1.2477831819648495,1.6324113039316352,5.292632541447191
-1.4301413779606327,-0.44004448669698376,0.13074057728609134,-2.7162013873517927
1.4412732890661155,-1.4358621511794394,1.1631637521549596,8.736919438257159
0.010233061019587049,-0.9815086510479509,0.46210347426327075,0.35166685796244
0.19905969557347003,-0.6002168771587947,0.06980208499001891,1.0600949885419295
-0.3853135968617602,0.11351734525124804,0.6621306745210467,0.22760643815969295
1.586016816145352,-1.237815498826849,2.1330333746562666,10.600337653264114
-1.9520877995225019,-0.15178509503558332,0.5883172064845765,-3.2445830772028965
0.28099186773503265,-0.6226995198205938,-0.20812225035727522,2.498498964935872
-0.4930009346588328,-0.5893647569442115,0.8496020970210246,2.5465115726272134
0.35701548596504734,-0.6929095952606542,0.8995998754332507,3.7130689466902282
0.30729952087660933,0.8128621188389601,0.6296288419236122,2.416855990479559
-0.8289950109220723,-0.5601810401969696,0.7472936051232618,2.1289297648475767
0.6103702654334648,-0.020901593964148132,0.117327383308782,2.823443090386925
1.277664895788425,-0.5915713888358299,0.5470973811700379,5.48665614173718
-0.20219265243389406,-0.2176812032272203,1.09877685198719,2.3615933503984814
0.8254163489880298,0.8135096360006385,1.305478807154329,5.864690971546013
0.02100384163275905,0.6819529712949639,-0.31026675659345604,-1.1667582515716846
0.3241663524884421,-0.13014305436768459,0.09699596499271819,2.1267400505946767
0.5951570254369136,-0.8182206832334725,2.0923872756854602,9.218446875564107
-1.006017381499702,-1.2141886127877322,1.1581108735000678,3.223030494858016
0.7916626939629359,0.6241198170521551,0.6283455092642799,2.704838234087456
-0.012246772846914623,-0.8972543714858315,0.07580455819372633,2.4114451795840495
-0.6771617115121117,0.9751197334177512,-0.14705738150213865,-2.911596552012047
-0.8254971967925115,-0.32138584165299344,0.41293145427562433,1.571698085123853
-0.5637245528039747,-0.8222203955664315,0.2436872114919123,-0.5452171700573363
0.24496657110872277,-0.5069431753711298,-0.4710383056183228,1.4422084894532177
0.2320499373576363,-1.4480843414973241,-1.4074637743765552,-1.9962713547756028
-0.718444221252436,-0.21344715171184725,0.3109075655980046,-1.3013587082396771
1.475356216949552,0.8576596232020194,-0.1599385299634271,1.867029495227258
-0.01901620790268883,-1.0025293646378088,-0.01851313599238993,0.5791021287095968
-0.2886586389201383,0.3227185603380895,-0.827230943552323,-3.1018920418934877
0.5193465142411723,1.5327389130025777,-0.1087601484568576,-0.03781758473472008
0.40171172209894146,0.6901439917111125,-0.40122047188583626,-1.4632261060598468
0.22409248181041677,0.01259240078179486,0.09767609854883172,0.8163125071297593
-0.7730097838554665,0.024510174258942714,0.49799829124544975,1.6792305984506042
1.4511436077950417,0.9592708260852069,2.1531824575115563,10.855678736037778
-0.7673475628880495,0.8723206367206782,0.18334200573835174,-1.8043398570517146
2.1898029332176723,-0.8082982853551515,-0.8397218421807761,3.8016435700252047
-0.5993926454440222,-2.123895724309807,-0.525755021680761,-0.8318196276242702
-0.759132661553698,0.15039378647620763,0.34175597577715944,-0.4094395402985579
1.8761708392158862,0.9504238381860503,-0.5769036556624031,0.9864997276680507
-0.898414671348358,0.4919191715065057,-1.3202332070206422,-6.956032008362672
1.8314587658543537,1.179440120721287,-0.4691756521047048,0.3230957637228935
-1.7131345290908775,1.3538723741654128,-0.11453984525261789,-5.581105110045182
1.2378163119734618,-1.594427658794367,-0.5993750229537729,3.538039309569444
0.005243699718183166,0.046980593764742055,-0.45006547147924364,-1.8672542212063892
0.6228499323474987,-1.0676204293825944,-0.1423794850212935,3.7715935684774937
0.12029563171189886,0.514438834058749,0.7116148780888898,0.6953792164853267
-1.1246420918378692,-1.5341141707356223,1.277676821898509,1.0911645266266563
0.33231401197959165,-0.7484865365565536,1.551151975522523,6.457179311633073
0.11567463429285867,1.1792971840638264,0.06751848141010895,0.3595431485108016
2.060747924881987,1.7553408424432044,-0.2489641484790735,4.3335642157824115
0.9715709509543554,0.6453759495851475,1.3686315575323487,5.430561837528846
-0.9649234605801045,0.6860514599984393,1.0584244868495878,1.1555941825313585
-1.7587394864231143,-1.183258512665775,-2.0392321777601006,-9.36979520617302
-0.26940683444455776,0.7175422557959623,1.502357052096028,2.943384514439908
0.07409478041977519,1.6286155455712918,-1.3801014582148914,-4.700023031679856
-1.7033824393551547,-0.05554769889661878,0.3840654489393073,-2.398389174259927
-0.03269474809409311,-2.0674421000398766,-0.08912003951278841,0.14195295428202925
-1.3044695005048532,0.6696725488300385,0.36659824609684827,-1.3545112120757308
-0.9398797863273552,-0.5138669173366935,-1.0592135218889516,-3.633381760001098
-0.06267909727317188,0.9551423205012383,-0.9857260463355437,-4.694580904200328
0.5040465155178444,-0.5302576183724408,-0.7928728322623442,-0.19244105618257157
-0.10703035995455783,-1.035242322419374,-0.553649305347182,-0.39925130722582786
-1.1978778925888485,1.9647251329163893,0.03526355197172861,-4.5929554426494175
-0.6997255079925856,0.213979910734222,-0.11232804969082982,-2.8505829836335956
-0.22096959953322298,0.6141667000434252,0.7575077100473051,0.4343090633273813
-0.5305011476105275,-0.57581824064468,-0.275051697151644,-1.601143790828016
-2.301921164735585,-1.5151910621985523,1.3668742674445247,1.0337399719525289
1.6449677135012837,-0.24903603955637832,0.5765569630557664,6.634726367071319
0.3112501545435361,3.0788808084552377,1.1195749114345768,0.6873549801212269
-0.12791759148076653,-0.9555404406004258,-1.6064463202575725,-3.4118937882258638
0.2034636358672231,-0.7563507452843033,-1.4222537095976742,-5.850293914470736
-0.6465728842425266,-1.081548003614395,1.6871416350725648,5.6753063985978764
0.8816397569494505,-0.007972641316617372,1.4799441388900259,4.912190671582221
0.0773683076476183,-0.8612842013282637,1.5231240772696573,5.261636260853149
0.5389100436846587,-1.0372461543264564,-0.1903386780836082,0.6938353346611346
-0.8756182533847572,-1.382799730964336,0.9261775475316414,0.6776052643764616
1.9094166404701305,-1.3985675738191412,0.5629692366905709,9.0218436724447
-0.6506425691218269,-0.48712538376469605,-0.5923939242388692,-3.38436401306837
-0.863990769679816,0.04852162794482699,-0.8309501164110378,-4.354845019646763
0.2704568257798388,-0.05023810944913695,-0.23894804686640975,-0.03738454557967929
-0.9075636620415979,-0.5767713305683327,0.755391225825756,1.0510766801647278
0.5009171876243808,-0.977555244798551,0.09933230542922587,2.604667021207436
0.751387123371789,-1.6694052811213718,0.543360192379935,3.89496144250208
-0.6626237589458467,0.5705986685931593,-0.7632591565425169,-3.5206687161381867
-1.804882100664519,-1.6275424378831627,0.048084946661381994,-3.2341645569553013
0.25972250172148187,-0.9043166251044086,0.6385924587773739,1.9128183570804844
-1.6615200622689599,-0.06607979864731657,-1.2110161997624567,-8.148884117278365
-0.6518361078021592,0.047398671316414016,-0.8604133652839524,-2.7574692460393586
-0.38455554422982535,1.0062928092144405,-0.5768918695231487,-2.8481355362449574
0.8356921120651418,-1.129706854657618,0.5298041779152828,4.459697534158461
1.4415686206579004,-2.4716445001272893,-0.7968952554704768,3.3356225810421813
0.57707212718054,-0.2030453860429927,0.37114587337130883,2.4375282728908867
-0.6039851867158206,0.08658978747289992,-0.15567723539207948,0.01316352312215141
1.1677820616598074,0.2544208433012131,0.3376026620752022,4.059777749305465
-0.4118769661224674,-0.48760622407249354,-0.4325581878196209,-1.4097191075014681
0.39445214237829684,-0.42098448082026296,0.2897748568964129,3.306722861487086
2.075400798645439,0.8711247034316923,-0.32602353216784113,3.5780958557048947
1.2012139221639448,-0.4080753730215514,-2.038124535177854,-2.962305572922851
-1.008086310917404,-1.8707919210258557,-0.35151348404130867,-1.900314157476559
0.0184183791895517,1.6764373122752827,0.32692737376416264,-0.7212105024229795
-0.21910052880886424,0.8294055811834892,-2.211135309007885,-8.047785066739147
0.23561455810856594,0.7708651938869668,-1.4785862457798415,-3.8899579923180965
1.143754043206929,0.3384964074944141,-0.4152879139008013,1.3269708446278041
0.6327818661062848,2.270692857804396,0.18186625505849516,0.5895006498523809
0.24822058630033608,-0.4593608995402441,-0.8498443694647918,-1.5503373232118736
0.8303358165442456,-0.8560838259088672,0.07156623721939247,3.2252572692437496
-0.4776574467651167,0.47897982574639186,0.3336621052869483,-2.6703378113304463
1.0375399442578992,-0.510016398854747,-0.26987493529337125,3.210569128321863
-0.9787637157823074,-0.4442932600761116,0.3773004930448522,-0.5242260743471077
0.7569886166453519,-0.9221653241776254,0.8696059201056602,6.421464735967638
1.355637858804951,0.41343490322370086,1.876795812558066,5.7097918032691855
-0.773789199103573,-1.244654703311417,-1.7787202489042786,-3.9376043363796245
1.496044311489183,0.6543656563540577,-0.05558467091045507,2.779401481482361
0.2799686263198203,-1.1254890472983765,2.4457519796168263,10.270849368685923
0.1292211819752275,0.10939479460489289,0.725766623898692,1.3510521049037207
0.4810092317367132,0.22388402427913137,-0.7904744554453119,-0.7800104062107144
0.4714683571359957,1.8820244964750337,1.3454200461549777,2.279490971656233
1.593186626639397,-0.5112156764311852,-0.9896048202585809,0.9015988215581304
-0.12578692009964815,0.055724912288694604,1.0941915184709485,4.826413696741817
-1.6924646297148194,1.5295503194606137,-0.15800789857898942,-6.425417990247977
-0.42688106994742003,-1.0121043752601675,-1.6548566718657693,-4.802235442025968
0.8231705839619146,0.07331796718840389,-1.2899608997410539,-1.015206475818025
-1.295078772063616,-0.3357846992901282,1.669021525289393,2.6008342329718714
-0.2595913513636048,-1.5031429531181062,-0.24574306408594432,0.26735428759483776
-0.2727235697476705,-2.6968866429415717,-0.05429486651781221,2.2171541214851844
-0.23093453020867796,0.6962063648134184,1.8489560949453452,6.676741179739198
1.1265650295477574,-0.26888869055483056,-1.1065259087416703,-0.2918952588343724
2.5733598032498604,0.05921843401448826,0.013929291912946203,6.61706799656397
-0.024125087110003277,0.19808476076785494,-0.14436041192394247,0.35917568169292147
-0.5736620068802363,-0.5468589412403921,-0.03275327021599839,0.11997004634979014
-0.543424771133765,-0.7128457826771644,0.10643022769189683,0.8606048434788227
-0.2549772174208553,1.5039929885826886,-2.650969808393012,-9.455615235284677
1.0915068519224618,1.246085192497629,-2.0733902324081495,-5.8804936726464065
-0.34268759408034877,-0.37144086599579146,-1.4075116947178212,-3.074381671057448
-0.7778166875908753,-1.1105758454658288,1.7522704434236227,3.276500063740821
0.9356783931474612,1.2715550949941588,0.7216720640432351,3.5352925452432324
-1.1290517712172292,-0.5245202662797737,0.48937456122791806,-1.5842613280989033
-1.2221278088919454,0.7129984301723881,-0.24032539815813503,-4.553432493469649
-0.3748208075495975,0.7109599682034915,0.44426331148603976,0.013540357684114435
-0.3609661658190799,1.159329803364248,-1.0810633275998973,-4.983577985261366
0.6159356069442637,0.5931012579683838,-0.3095464393139903,0.44001919568558945
0.326133022242118,-1.251113576385303,0.924027019206901,6.452238458669948
-0.18490213644298903,-0.5227230205190395,1.0490092258368893,3.661029658436214
-0.7043436905427592,-1.4084612963635597,-1.5566291735239037,-5.266442085855698
0.6060099513456396,-1.280429352496283,1.7547941819843647,9.023923945101833
-2.081929407883722,1.6964563682900382,0.2110174672026184,-5.078756997466847
-0.09671311187039239,-0.5449190868089497,0.39913611435207086,0.2729368350521888
-0.037634702424848364,1.1033018820165215,0.11422764866203965,-0.2573056222426654
0.1503017614618776,-0.36361221221385587,-0.056945623721067457,1.2697024870162457
0.3078017688920592,-1.7101683926566256,-1.348185422105713,-1.8624469547903573
0.743264094022715,0.17086543812794186,-0.18398333635267913,2.5110516011824275
0.01843393306539316,0.34758170536167105,-0.5397596803093615,-2.0708315006587994
-0.7783047254023127,0.19584525509768155,-0.978372777615032,-4.951148947977017
0.40825275571447184,-1.7025836042378404,1.0291556373256436,5.637610581217082
0.472597482413043,0.25602973431387566,0.9826909839455139,3.8891159711367416
1.6654744444625766,1.0143700650181304,-1.8408742313316453,-3.469581734751827
-1.2795769667357015,-0.6248185776956788,0.026091050210833786,-3.935901571105368
0.517659020469123,-0.7257438131534656,0.18676676447707832,4.17469672098248
-0.7553829323533225,-0.6115178029919482,-1.4066610968482223,-6.343884166754352
-0.9232332461109043,-1.3516846056163336,-0.9758732529773327,-4.875410618049232
1.0536417966078395,-0.949398888831943,2.632382064837391,9.32725946126
0.4933179008808892,0.1848361236948739,-0.8583577801812136,-2.1655764597257936
0.7003098794089914,-0.5756378262377739,0.12200981464536144,1.3693521752888387
2.5600845382687947,-0.09605989972464987,1.1492733262856758,11.586106384390034
-0.7031764251258874,-0.0349884904969617,1.77080063563551,4.599266423931407
-0.6269670577877674,1.8124485579969287,0.7077519354554754,-1.9447607412776446
-0.5624667758942676,0.632407739055521,0.9725544496267299,3.1315244754333085
0.6218099622171964,-1.5702247198904564,-0.7271371758248686,1.9251035849504357
-0.24751863555150475,-0.07443342910004629,0.620672097550678,0.9928217493646958
0.17770100093325383,-1.3353443587101013,0.3801978510059632,0.42078469918755257
0.6105857452838231,0.5597904479310398,1.0807807255546218,6.499958664533127
0.8339221545489041,0.4591800792284367,-0.07016571145864703,0.02555570600428636
-1.6609609335159914,0.42961821913258585,0.20768768716311115,-5.604356238390123
0.27157883719537346,-1.2767485758203094,-1.0810565404082624,-0.26490352040640364
1.0531528533329035,-0.03955515385665504,0.6815006973726244,7.156691785646061
0.028318376130461172,0.02975613949574519,0.9382838059759977,4.240164037268919
-0.5160447282173739,0.09612077694098337,-0.4622752887050425,-2.2091493435471863
-0.4344962274323156,-0.30917212346863937,0.22213377163371284,0.48408721145427486
-0.4787486216634773,1.2557561255735208,-0.8946073022195039,-4.283034027610419
-0.18687164416135904,-0.4397310582741749,1.4469778843537329,5.0724141907187414
0.19655477651157463,1.0318445394686349,-1.485560373036972,-4.715947293331239
0.26705026586925884,0.889630795623437,0.08228398927542419,0.12904794082785873
1.0654803750653512,-0.5172884501003722,1.40934744018558,7.346438580420966
2.2988981236192503,-0.36283856043965906,-0.4455025214007718,4.019611716418793
1.453384477117701,1.5795721457307124,-0.5228600271532683,0.20463388873696076
-0.42018681709585726,-0.2817846088605072,-1.344450511034277,-6.494990781177353
-0.9186519464841982,-1.0041407667520679,-0.7677975651041284,-3.694221421565563
-0.03468488738678118,0.23421473253652075,1.5505004928140769,3.3419834202878387
-0.998354040738791,0.9843223984765838,-0.21398884422550896,-5.225763350215859
-0.04946370965243295,0.6748194921666038,-1.1227220215622986,-3.9867506798311036
0.3824097461840506,0.1664522082130561,0.4924512640081491,3.658928235616117
0.2891686439078181,2.4553001399108942,-0.637739984251316,-2.7272818768929836
-0.5309969550018176,-0.6231405264247644,-0.5554771191602547,-3.9412838221837205
-0.6373871273065177,1.1890165311075518,1.4205042479898549,0.48940025802538123
-0.5707462937494763,-0.8323555731042287,0.4714155563864041,1.7605076958779664
-0.5522230442809712,0.6329318177555108,0.2029230208512997,-2.3872077594423495
-1.515744114997232,1.5475052013300616,1.7958776730955217,-0.17386561953360075
-0.6127886904843862,-0.38770155993598415,0.28586539072490497,0.2633781049242854
0.334456789987025,0.6585442726728304,2.0102045387663496,5.239866863730146
-0.1769472274940494,-0.7982972445384537,-1.3793192280145272,-3.676653002094292
-0.7309300399419191,-0.033126972873797095,1.7945578635177877,2.2554499686541583
-0.5176112990361714,0.2237879516388985,-0.016422896072752075,-2.1684525313987972
1.188393273448084,2.5269324258736217,-0.5308687729203206,-0.8287736268718366
-0.48943944251822213,1.044160877069072,0.6818914896263114,-1.8150787480173622
1.8467073257360336,0.5839281853259639,-0.35929209078705954,3.3954385946133407
0.5906548306923093,1.1087035805829077,0.820482181197364,2.809742240813277
0.5072740311072977,1.066674689589154,1.1692955904456728,4.261887113933256
1.3821589910375272,0.6487098875896427,-0.16711808031685435,2.529247483118273
0.14671368643332283,1.2065089665083568,-0.8169356709872361,-1.9263913334129137
